iso_time_utc	mono_s	mode	event	step_idx	goal_x_cm	goal_y_cm	rover_x_cm	rover_y_cm	goal_dist_cm	status	rover_z_cm	heading_deg	raw_rover_x_m	raw_rover_y_m	raw_rover_z_m	raw_heading_deg	speed	abs_speed	avg_abs_speed	prev_avg_abs_speed	pitch_deg	roll_deg	delta_pitch_deg	delta_roll_deg	attitude_deg	throttle_cmd	steering_cmd	brakes	lights_on	waypoint_idx	target_x_cm	target_y_cm	waypoint_dist_cm	waypoint_avg_dist_cm	total_traveled_cm	stationary_anchor_x_cm	stationary_anchor_y_cm	stationary_elapsed_s	moved_since_anchor_cm	movement_detected	stuck_detection_armed	stuck_rearm_pending	rearm_elapsed_s	startup_grace_elapsed	angle_stuck_detected	speed_drop_stuck_detected	impact_stop_stuck_detected	commanded_stall_detected	lidar_contact_stuck_detected	high_attitude_stuck_detected	near_rollover_detected	rollover_detected	collision_stuck_detected	heading_correction_active	heading_correction_suppressed	reverse_active	recovery_brake_active	recovery_rearm_hold_active	obstacle_added	obstacle_total	path_len	lidar_min_cm	lidar_front_min_cm	lidar_left_min_cm	lidar_right_min_cm	lidar_rear_min_cm	lidar_valid_count	lidar_00_cm	lidar_01_cm	lidar_02_cm	lidar_03_cm	lidar_04_cm	lidar_05_cm	lidar_06_cm	lidar_07_cm	lidar_08_cm	lidar_09_cm	lidar_10_cm	lidar_11_cm	lidar_12_cm	lidar_13_cm	lidar_14_cm	lidar_15_cm	lidar_16_cm
2026-05-18T22:36:19Z	4.186	dumbdrive_drive	loop_tick	0	-3930.029	-3389.942	69.971	610.058	5656.854	Running | Goals: 0	79.999	-129.100	-5666.300	-10085.800	1440.800	219.100	0.000	0.000	0.000		4.000	-0.600			4.000	20.000	-0.169	1	0	57	-233.583	306.505	429.289	429.289	79.999	69.971	610.058	0.000	0.000	0	0	0	0.000	0	0	0	0	0	0	0	0	0	0	0	0	0	0	0	0	0	649	55.930	55.930	121.040	55.930	248.260	17	314.400	144.280	124.860	434.040	55.930	121.040	210.750	430.180	450.540	705.250	256.940	248.260	694.260	139.110	392.790	352.510	205.270
2026-05-18T22:36:19Z	4.431	dumbdrive_drive	loop_tick	1	-3930.029	-3389.942	69.971	610.058	5656.854	Running | Goals: 0	79.999	-129.100	-5666.300	-10085.800	1440.800	219.100	0.000	0.000	0.000	0.000	4.000	-0.600	0.000	0.000	4.000	20.000	-0.169	1	0	57	-233.583	306.505	429.289	429.289	79.999	69.971	610.058	0.246	0.000	0	0	0	0.000	0	0	0	0	0	0	0	0	0	0	0	0	0	0	0	0	0	649	55.930	55.930	121.040	55.930	248.260	17	314.400	144.280	124.860	434.040	55.930	121.040	210.750	430.180	450.540	705.250	256.940	248.260	694.260	139.110	392.790	352.510	205.270
2026-05-18T22:36:19Z	4.679	dumbdrive_drive	loop_tick	2	-3930.029	-3389.942	69.971	610.058	5656.854	Running | Goals: 0	79.999	-129.100	-5666.300	-10085.800	1440.800	219.100	0.000	0.000	0.000	0.000	4.000	-0.600	0.000	0.000	4.000	20.000	-0.169	1	0	57	-233.583	306.505	429.289	429.289	79.999	69.971	610.058	0.489	0.000	0	0	0	0.000	0	0	0	0	0	0	0	0	0	0	0	0	0	0	0	0	0	649	55.930	55.930	121.040	55.930	248.260	17	314.400	144.280	124.860	434.040	55.930	121.040	210.750	430.180	450.540	705.250	256.940	248.260	694.260	139.110	392.790	352.510	205.270
2026-05-18T22:36:20Z	4.920	dumbdrive_drive	loop_tick	3	-3930.029	-3389.942	69.971	610.058	5656.854	Running | Goals: 0	79.999	-129.100	-5666.300	-10085.800	1440.800	219.100	0.000	0.000	0.000	0.000	4.000	-0.600	0.000	0.000	4.000	20.000	-0.169	1	0	57	-233.583	306.505	429.289	429.289	79.999	69.971	610.058	0.736	0.000	0	0	0	0.000	0	0	0	0	0	0	0	0	0	0	0	0	0	0	0	0	0	649	55.930	55.930	121.040	55.930	248.260	17	314.400	144.280	124.860	434.040	55.930	121.040	210.750	430.180	450.540	705.250	256.940	248.260	694.260	139.110	392.790	352.510	205.270
2026-05-18T22:36:20Z	5.166	dumbdrive_drive	loop_tick	4	-3930.029	-3389.942	69.971	610.058	5656.854	Running | Goals: 0	79.999	-129.100	-5666.300	-10085.800	1440.800	219.100	0.000	0.000	0.000	0.000	4.000	-0.600	0.000	0.000	4.000	20.000	-0.169	1	0	57	-233.583	306.505	429.289	429.289	79.999	69.971	610.058	0.978	0.000	0	0	0	0.000	0	0	0	0	0	0	0	0	0	0	0	0	0	0	0	0	0	649	55.930	55.930	121.040	55.930	248.260	17	314.400	144.280	124.860	434.040	55.930	121.040	210.750	430.180	450.540	705.250	256.940	248.260	694.260	139.110	392.790	352.510	205.270
2026-05-18T22:36:20Z	5.411	dumbdrive_drive	loop_tick	5	-3930.029	-3389.942	69.971	610.058	5656.854	Running | Goals: 0	79.999	-129.100	-5666.300	-10085.800	1440.800	219.100	0.000	0.000	0.000	0.000	4.000	-0.600	0.000	0.000	4.000	20.000	-0.169	1	0	57	-233.583	306.505	429.289	429.289	79.999	69.971	610.058	1.223	0.000	0	0	0	0.000	0	0	0	0	0	0	0	0	0	0	0	0	0	0	0	0	0	649	55.930	55.930	121.040	55.930	248.260	17	314.400	144.280	124.860	434.040	55.930	121.040	210.750	430.180	450.540	705.250	256.940	248.260	694.260	139.110	392.790	352.510	205.270
2026-05-18T22:36:20Z	5.657	dumbdrive_drive	loop_tick	6	-3930.029	-3389.942	69.971	610.058	5656.854	Running | Goals: 0	79.999	-129.100	-5666.300	-10085.800	1440.800	219.100	0.000	0.000	0.000	0.000	4.000	-0.600	0.000	0.000	4.000	20.000	-0.169	1	0	57	-233.583	306.505	429.289	429.289	79.999	69.971	610.058	1.473	0.000	0	0	0	0.000	0	0	0	0	0	0	0	0	0	0	0	0	0	0	0	0	0	649	55.930	55.930	121.040	55.930	248.260	17	314.400	144.280	124.860	434.040	55.930	121.040	210.750	430.180	450.540	705.250	256.940	248.260	694.260	139.110	392.790	352.510	205.270
2026-05-18T22:36:21Z	5.903	dumbdrive_drive	loop_tick	7	-3930.029	-3389.942	69.971	610.058	5656.854	Running | Goals: 0	79.999	-129.100	-5666.300	-10085.800	1440.800	219.100	0.000	0.000	0.000	0.000	4.000	-0.600	0.000	0.000	4.000	20.000	-0.169	1	0	57	-233.583	306.505	429.289	429.289	79.999	69.971	610.058	1.715	0.000	0	0	0	0.000	0	0	0	0	0	0	0	0	0	0	0	0	0	0	0	0	0	649	55.930	55.930	121.040	55.930	248.260	17	314.400	144.280	124.860	434.040	55.930	121.040	210.750	430.180	450.540	705.250	256.940	248.260	694.260	139.110	392.790	352.510	205.270
2026-05-18T22:36:21Z	6.146	dumbdrive_drive	loop_tick	8	-3930.029	-3389.942	69.971	610.058	5656.854	Running | Goals: 0	79.999	-129.100	-5666.300	-10085.800	1440.800	219.100	0.000	0.000	0.000	0.000	4.000	-0.600	0.000	0.000	4.000	20.000	-0.169	1	0	57	-233.583	306.505	429.289	429.289	79.999	69.971	610.058	1.961	0.000	0	0	0	0.000	0	0	0	0	0	0	0	0	0	0	0	0	0	0	0	0	0	649	55.930	55.930	121.040	55.930	248.260	17	314.400	144.280	124.860	434.040	55.930	121.040	210.750	430.180	450.540	705.250	256.940	248.260	694.260	139.110	392.790	352.510	205.270
2026-05-18T22:36:21Z	6.384	dumbdrive_drive	loop_tick	9	-3930.029	-3389.942	69.971	610.058	5656.854	Running | Goals: 0	79.999	-129.100	-5666.300	-10085.800	1440.800	219.100	0.000	0.000	0.000	0.000	4.000	-0.600	0.000	0.000	4.000	20.000	-0.169	1	0	57	-233.583	306.505	429.289	429.289	79.999	69.971	610.058	2.201	0.000	0	0	0	0.000	0	0	0	0	0	0	0	0	0	0	0	0	0	0	0	0	0	649	55.930	55.930	121.040	55.930	248.260	17	314.400	144.280	124.860	434.040	55.930	121.040	210.750	430.180	450.540	705.250	256.940	248.260	694.260	139.110	392.790	352.510	205.270
2026-05-18T22:36:21Z	6.624	dumbdrive_drive	loop_tick	10	-3930.029	-3389.942	69.971	610.058	5656.854	Running | Goals: 0	79.999	-129.100	-5666.300	-10085.800	1440.800	219.100	0.000	0.000	0.000	0.000	4.000	-0.600	0.000	0.000	4.000	20.000	-0.169	1	0	57	-233.583	306.505	429.289	429.289	79.999	69.971	610.058	2.439	0.000	0	0	0	0.000	0	0	0	0	0	0	0	0	0	0	0	0	0	0	0	0	0	649	55.930	55.930	121.040	55.930	248.260	17	314.400	144.280	124.860	434.040	55.930	121.040	210.750	430.180	450.540	705.250	256.940	248.260	694.260	139.110	392.790	352.510	205.270
2026-05-18T22:36:21Z	6.870	dumbdrive_drive	loop_tick	11	-3930.029	-3389.942	69.971	610.058	5656.854	Running | Goals: 0	79.999	-129.100	-5666.300	-10085.800	1440.800	219.100	0.000	0.000	0.000	0.000	4.000	-0.600	0.000	0.000	4.000	20.000	-0.169	1	0	57	-233.583	306.505	429.289	429.289	79.999	69.971	610.058	2.684	0.000	0	0	0	0.000	0	0	0	0	0	0	0	0	0	0	0	0	0	0	0	0	0	649	55.930	55.930	121.040	55.930	248.260	17	314.400	144.280	124.860	434.040	55.930	121.040	210.750	430.180	450.540	705.250	256.940	248.260	694.260	139.110	392.790	352.510	205.270
2026-05-18T22:36:22Z	7.114	dumbdrive_drive	loop_tick	12	-3930.029	-3389.942	69.971	610.058	5656.854	Running | Goals: 0	79.999	-129.100	-5666.300	-10085.800	1440.800	219.100	0.000	0.000	0.000	0.000	4.000	-0.600	0.000	0.000	4.000	20.000	-0.169	1	0	57	-233.583	306.505	429.289	429.289	79.999	69.971	610.058	2.928	0.000	0	0	0	0.000	0	0	0	0	0	0	0	0	0	0	0	0	0	0	0	0	0	649	55.930	55.930	121.040	55.930	248.260	17	314.400	144.280	124.860	434.040	55.930	121.040	210.750	430.180	450.540	705.250	256.940	248.260	694.260	139.110	392.790	352.510	205.270
2026-05-18T22:36:24Z	9.137	dumbdrive_drive	loop_tick	13	-3930.029	-3389.942	69.971	610.058	5656.854	Running | Goals: 0	79.999	-129.300	-5666.300	-10085.800	1440.800	219.300	0.000	0.000	0.000	0.000	4.000	-0.500	0.000	0.100	4.000	20.000	-0.163	0	0	57	-233.583	306.505	429.289	429.289	79.999	69.971	610.058	3.171	0.000	0	0	0	0.000	0	0	0	0	0	0	0	0	0	0	0	0	0	0	0	0	0	649	55.130	55.130	120.620	55.130	246.290	17	315.220	144.370	129.160	437.350	55.130	120.620	208.860	428.600	452.620	702.900	254.310	246.290	696.950	139.230	336.780	352.970	204.800
2026-05-18T22:36:24Z	9.391	dumbdrive_drive	loop_tick	14	-3930.029	-3389.942	69.971	610.058	5656.854	Recovering: reverse | Goals: 0	79.999	-129.300	-5666.300	-10085.800	1440.800	219.300	0.000	0.000	0.000	0.000	4.000	-0.500	0.000	0.000	4.000	-85.000	-0.350	0	0	51	366.417	963.612	461.390	431.429	79.999	69.971	610.058	0.000	0.000	0	0	0	0.000	1	0	0	0	1	1	0	0	0	1	0	0	1	0	0	1	7	797	55.130	55.130	120.620	55.130	246.290	17	315.220	144.370	129.160	437.350	55.130	120.620	208.860	428.600	452.620	702.900	254.310	246.290	696.950	139.230	336.780	352.970	204.800
2026-05-18T22:36:24Z	9.646	dumbdrive_drive	loop_tick	15	-3930.029	-3389.942	69.971	610.058	5656.854	Recovering: reverse | Goals: 0	79.999	-129.300	-5666.300	-10085.800	1440.800	219.300	0.000	0.000	0.000	0.000	4.000	-0.500	0.000	0.000	4.000	-85.000	-0.350	0	0	51	366.417	963.612	461.390	433.302	79.999	69.971	610.058	0.253	0.000	0	0	0	0.000	1	0	0	0	0	0	0	0	0	0	0	0	1	0	0	0	7	797	55.130	55.130	120.620	55.130	246.290	17	315.220	144.370	129.160	437.350	55.130	120.620	208.860	428.600	452.620	702.900	254.310	246.290	696.950	139.230	336.780	352.970	204.800
2026-05-18T22:36:25Z	9.902	dumbdrive_drive	loop_tick	16	-3930.029	-3389.942	69.971	610.058	5656.854	Recovering: reverse | Goals: 0	79.999	-129.300	-5666.300	-10085.800	1440.800	219.300	0.000	0.000	0.000	0.000	4.000	-0.500	0.000	0.000	4.000	-85.000	-0.350	0	0	51	366.417	963.612	461.390	434.954	79.999	69.971	610.058	0.509	0.000	0	0	0	0.000	1	0	0	0	0	0	0	0	0	0	0	0	1	0	0	0	7	797	55.130	55.130	120.620	55.130	246.290	17	315.220	144.370	129.160	437.350	55.130	120.620	208.860	428.600	452.620	702.900	254.310	246.290	696.950	139.230	336.780	352.970	204.800
2026-05-18T22:36:25Z	10.159	dumbdrive_drive	loop_tick	17	-3930.029	-3389.942	69.971	610.058	5656.854	Recovering: reverse | Goals: 0	79.999	-129.300	-5666.300	-10085.800	1440.800	219.300	0.000	0.000	0.000	0.000	4.000	-0.500	0.000	0.000	4.000	-85.000	-0.350	0	0	51	366.417	963.612	461.390	436.423	79.999	69.971	610.058	0.763	0.000	0	0	0	0.000	1	0	0	0	0	0	0	0	0	0	0	0	1	0	0	0	7	797	55.130	55.130	120.620	55.130	246.290	17	315.220	144.370	129.160	437.350	55.130	120.620	208.860	428.600	452.620	702.900	254.310	246.290	696.950	139.230	336.780	352.970	204.800
2026-05-18T22:36:25Z	10.417	dumbdrive_drive	loop_tick	18	-3930.029	-3389.942	69.971	610.058	5656.854	Recovering: reverse | Goals: 0	79.999	-129.300	-5666.300	-10085.800	1440.800	219.300	0.000	0.000	0.000	0.000	4.000	-0.500	0.000	0.000	4.000	-85.000	-0.350	0	0	51	366.417	963.612	461.390	437.737	79.999	69.971	610.058	1.026	0.000	0	0	0	0.000	1	0	0	0	0	0	0	0	0	0	0	0	1	0	0	0	7	797	55.130	55.130	120.620	55.130	246.290	17	315.220	144.370	129.160	437.350	55.130	120.620	208.860	428.600	452.620	702.900	254.310	246.290	696.950	139.230	336.780	352.970	204.800
2026-05-18T22:36:25Z	10.675	dumbdrive_drive	loop_tick	19	-3930.029	-3389.942	69.971	610.058	5656.854	Recovering: reverse | Goals: 0	79.999	-129.300	-5666.300	-10085.800	1440.800	219.300	0.000	0.000	0.000	0.000	4.000	-0.500	0.000	0.000	4.000	-85.000	-0.350	0	0	51	366.417	963.612	461.390	438.919	79.999	69.971	610.058	1.280	0.000	0	0	0	0.000	1	0	0	0	0	0	0	0	0	0	0	0	1	0	0	0	7	797	55.130	55.130	120.620	55.130	246.290	17	315.220	144.370	129.160	437.350	55.130	120.620	208.860	428.600	452.620	702.900	254.310	246.290	696.950	139.230	336.780	352.970	204.800
2026-05-18T22:36:26Z	10.932	dumbdrive_drive	loop_tick	20	-3930.029	-3389.942	69.971	610.058	5656.854	Recovering: reverse | Goals: 0	79.999	-129.300	-5666.300	-10085.800	1440.800	219.300	0.000	0.000	0.000	0.000	4.000	-0.500	0.000	0.000	4.000	-85.000	-0.350	0	0	51	366.417	963.612	461.390	439.989	79.999	69.971	610.058	1.537	0.000	0	0	0	0.000	1	0	0	0	0	0	0	0	0	0	0	0	1	0	0	0	7	797	55.130	55.130	120.620	55.130	246.290	17	315.220	144.370	129.160	437.350	55.130	120.620	208.860	428.600	452.620	702.900	254.310	246.290	696.950	139.230	336.780	352.970	204.800
2026-05-18T22:36:26Z	11.186	dumbdrive_drive	loop_tick	21	-3930.029	-3389.942	69.971	610.058	5656.854	Recovering: reverse | Goals: 0	79.999	-129.300	-5666.300	-10085.800	1440.800	219.300	0.000	0.000	0.000	0.000	4.000	-0.500	0.000	0.000	4.000	-85.000	-0.350	0	0	51	366.417	963.612	461.390	440.962	79.999	69.971	610.058	1.795	0.000	0	0	0	0.000	1	0	0	0	0	0	0	0	0	0	0	0	1	0	0	0	7	797	55.130	55.130	120.620	55.130	246.290	17	315.220	144.370	129.160	437.350	55.130	120.620	208.860	428.600	452.620	702.900	254.310	246.290	696.950	139.230	336.780	352.970	204.800
2026-05-18T22:36:26Z	11.445	dumbdrive_drive	loop_tick	22	-3930.029	-3389.942	69.971	610.058	5656.854	Recovering: reverse | Goals: 0	79.999	-129.300	-5666.300	-10085.800	1440.800	219.300	0.000	0.000	0.000	0.000	4.000	-0.500	0.000	0.000	4.000	-85.000	-0.350	0	0	51	366.417	963.612	461.390	441.850	79.999	69.971	610.058	2.053	0.000	0	0	0	0.000	1	0	0	0	0	0	0	0	0	0	0	0	1	0	0	0	7	797	55.130	55.130	120.620	55.130	246.290	17	315.220	144.370	129.160	437.350	55.130	120.620	208.860	428.600	452.620	702.900	254.310	246.290	696.950	139.230	336.780	352.970	204.800
2026-05-18T22:36:26Z	11.699	dumbdrive_drive	loop_tick	23	-3930.029	-3389.942	69.971	610.058	5656.854	Recovering: reverse | Goals: 0	79.999	-129.300	-5666.300	-10085.800	1440.800	219.300	0.000	0.000	0.000	0.000	4.000	-0.500	0.000	0.000	4.000	-85.000	-0.350	0	0	51	366.417	963.612	461.390	442.665	79.999	69.971	610.058	2.307	0.000	0	0	0	0.000	1	0	0	0	0	0	0	0	0	0	0	0	1	0	0	0	7	797	55.130	55.130	120.620	55.130	246.290	17	315.220	144.370	129.160	437.350	55.130	120.620	208.860	428.600	452.620	702.900	254.310	246.290	696.950	139.230	336.780	352.970	204.800
2026-05-18T22:36:27Z	11.951	dumbdrive_drive	loop_tick	24	-3930.029	-3389.942	69.971	610.058	5656.854	Recovering: reverse | Goals: 0	79.999	-129.300	-5666.300	-10085.800	1440.800	219.300	0.000	0.000	0.000	0.000	4.000	-0.500	0.000	0.000	4.000	-85.000	-0.350	0	0	51	366.417	963.612	461.390	443.414	79.999	69.971	610.058	2.559	0.000	0	0	0	0.000	1	0	0	0	0	0	0	0	0	0	0	0	1	0	0	0	7	797	55.130	55.130	120.620	55.130	246.290	17	315.220	144.370	129.160	437.350	55.130	120.620	208.860	428.600	452.620	702.900	254.310	246.290	696.950	139.230	336.780	352.970	204.800
2026-05-18T22:36:29Z	14.171	dumbdrive_drive	loop_tick	25	-3930.029	-3389.942	429.980	1090.039	6251.393	Recovering: reverse | Goals: 0	39.996	-120.600	-5662.700	-10081.000	1440.400	210.600	-10.900	10.900	2.725	0.000	3.200	-0.300	-0.800	0.200	3.200	-85.000	0.350	0	0	52	-18.523	1035.058	451.861	443.738	681.321	69.971	610.058	2.814	599.990	0	0	0	0.000	1	0	0	0	0	0	0	0	0	0	0	0	1	0	0	0	7	755	271.760	406.900	406.900	411.360	271.760	15	878.460	499.700	976.670	538.170	839.710	406.900	411.360	430.380	425.740	679.880	286.050	271.760	-1.000	726.260	-1.000	913.170	780.090
2026-05-18T22:36:29Z	14.427	dumbdrive_drive	loop_tick	26	-3930.029	-3389.942	429.980	1090.039	6251.393	Recovering: reverse | Goals: 0	39.996	-120.600	-5662.700	-10081.000	1440.400	210.600	-10.900	10.900	5.450	2.725	3.200	-0.300	0.000	0.000	3.200	-85.000	0.350	0	0	52	-18.523	1035.058	451.861	444.039	681.321	69.971	610.058	5.037	599.990	0	0	0	0.000	1	0	0	0	0	0	0	0	0	0	0	0	1	0	0	0	7	755	271.760	406.900	406.900	411.360	271.760	15	878.460	499.700	976.670	538.170	839.710	406.900	411.360	430.380	425.740	679.880	286.050	271.760	-1.000	726.260	-1.000	913.170	780.090
2026-05-18T22:36:29Z	14.684	dumbdrive_drive	loop_tick	27	-3930.029	-3389.942	429.980	1090.039	6251.393	Recovering: reverse | Goals: 0	39.996	-120.600	-5662.700	-10081.000	1440.400	210.600	-10.900	10.900	8.175	5.450	3.200	-0.300	0.000	0.000	3.200	-85.000	0.350	0	0	52	-18.523	1035.058	451.861	444.319	681.321	69.971	610.058	5.289	599.990	0	0	0	0.000	1	0	0	0	0	0	0	0	0	0	0	0	1	0	0	0	7	755	271.760	406.900	406.900	411.360	271.760	15	878.460	499.700	976.670	538.170	839.710	406.900	411.360	430.380	425.740	679.880	286.050	271.760	-1.000	726.260	-1.000	913.170	780.090
2026-05-18T22:36:30Z	14.942	dumbdrive_drive	loop_tick	28	-3930.029	-3389.942	429.980	1090.039	6251.393	Recovering: reverse | Goals: 0	39.996	-120.600	-5662.700	-10081.000	1440.400	210.600	-10.900	10.900	10.900	8.175	3.200	-0.300	0.000	0.000	3.200	-85.000	0.350	0	0	52	-18.523	1035.058	451.861	444.579	681.321	69.971	610.058	5.546	599.990	0	0	0	0.000	1	0	0	0	0	0	0	0	0	0	0	0	1	0	0	0	7	755	271.760	406.900	406.900	411.360	271.760	15	878.460	499.700	976.670	538.170	839.710	406.900	411.360	430.380	425.740	679.880	286.050	271.760	-1.000	726.260	-1.000	913.170	780.090
2026-05-18T22:36:30Z	15.199	dumbdrive_drive	loop_tick	29	-3930.029	-3389.942	429.980	1090.039	6251.393	Recovering: reverse | Goals: 0	39.996	-120.600	-5662.700	-10081.000	1440.400	210.600	-10.900	10.900	10.900	10.900	3.200	-0.300	0.000	0.000	3.200	-85.000	0.350	0	0	52	-18.523	1035.058	451.861	444.821	681.321	69.971	610.058	5.804	599.990	0	0	0	0.000	1	0	0	0	0	0	0	0	0	0	0	0	1	0	0	0	7	755	271.760	406.900	406.900	411.360	271.760	15	878.460	499.700	976.670	538.170	839.710	406.900	411.360	430.380	425.740	679.880	286.050	271.760	-1.000	726.260	-1.000	913.170	780.090
2026-05-18T22:36:30Z	15.457	dumbdrive_drive	loop_tick	30	-3930.029	-3389.942	429.980	1090.039	6251.393	Recovering: reverse | Goals: 0	39.996	-120.600	-5662.700	-10081.000	1440.400	210.600	-10.900	10.900	10.900	10.900	3.200	-0.300	0.000	0.000	3.200	-85.000	0.350	0	0	52	-18.523	1035.058	451.861	445.048	681.321	69.971	610.058	6.066	599.990	0	0	0	0.000	1	0	0	0	0	0	0	0	0	0	0	0	1	0	0	0	7	755	271.760	406.900	406.900	411.360	271.760	15	878.460	499.700	976.670	538.170	839.710	406.900	411.360	430.380	425.740	679.880	286.050	271.760	-1.000	726.260	-1.000	913.170	780.090
2026-05-18T22:36:30Z	15.712	dumbdrive_drive	loop_tick	31	-3930.029	-3389.942	429.980	1090.039	6251.393	Recovering: reverse | Goals: 0	39.996	-120.600	-5662.700	-10081.000	1440.400	210.600	-10.900	10.900	10.900	10.900	3.200	-0.300	0.000	0.000	3.200	-85.000	0.350	0	0	52	-18.523	1035.058	451.861	445.261	681.321	69.971	610.058	6.319	599.990	0	0	0	0.000	1	0	0	0	0	0	0	0	0	0	0	0	1	0	0	0	7	755	271.760	406.900	406.900	411.360	271.760	15	878.460	499.700	976.670	538.170	839.710	406.900	411.360	430.380	425.740	679.880	286.050	271.760	-1.000	726.260	-1.000	913.170	780.090
2026-05-18T22:36:31Z	15.966	dumbdrive_drive	loop_tick	32	-3930.029	-3389.942	429.980	1090.039	6251.393	Recovering: reverse | Goals: 0	39.996	-120.600	-5662.700	-10081.000	1440.400	210.600	-10.900	10.900	10.900	10.900	3.200	-0.300	0.000	0.000	3.200	-85.000	0.350	0	0	52	-18.523	1035.058	451.861	445.461	681.321	69.971	610.058	6.574	599.990	0	0	0	0.000	1	0	0	0	0	0	0	0	0	0	0	0	1	0	0	0	7	755	271.760	406.900	406.900	411.360	271.760	15	878.460	499.700	976.670	538.170	839.710	406.900	411.360	430.380	425.740	679.880	286.050	271.760	-1.000	726.260	-1.000	913.170	780.090
2026-05-18T22:36:31Z	16.218	dumbdrive_drive	loop_tick	33	-3930.029	-3389.942	429.980	1090.039	6251.393	Recovering: reverse | Goals: 0	39.996	-120.600	-5662.700	-10081.000	1440.400	210.600	-10.900	10.900	10.900	10.900	3.200	-0.300	0.000	0.000	3.200	-85.000	0.350	0	0	52	-18.523	1035.058	451.861	445.650	681.321	69.971	610.058	6.828	599.990	0	0	0	0.000	1	0	0	0	0	0	0	0	0	0	0	0	1	0	0	0	7	755	271.760	406.900	406.900	411.360	271.760	15	878.460	499.700	976.670	538.170	839.710	406.900	411.360	430.380	425.740	679.880	286.050	271.760	-1.000	726.260	-1.000	913.170	780.090
2026-05-18T22:36:31Z	16.478	dumbdrive_drive	loop_tick	34	-3930.029	-3389.942	429.980	1090.039	6251.393	Recovering: reverse | Goals: 0	39.996	-120.600	-5662.700	-10081.000	1440.400	210.600	-10.900	10.900	10.900	10.900	3.200	-0.300	0.000	0.000	3.200	-85.000	0.350	0	0	52	-18.523	1035.058	451.861	445.827	681.321	69.971	610.058	7.085	599.990	0	0	0	0.000	1	0	0	0	0	0	0	0	0	0	0	0	1	0	0	0	7	755	271.760	406.900	406.900	411.360	271.760	15	878.460	499.700	976.670	538.170	839.710	406.900	411.360	430.380	425.740	679.880	286.050	271.760	-1.000	726.260	-1.000	913.170	780.090
2026-05-18T22:36:31Z	16.726	dumbdrive_drive	loop_tick	35	-3930.029	-3389.942	429.980	1090.039	6251.393	Recovering: reverse | Goals: 0	39.996	-120.600	-5662.700	-10081.000	1440.400	210.600	-10.900	10.900	10.900	10.900	3.200	-0.300	0.000	0.000	3.200	-85.000	0.350	0	0	52	-18.523	1035.058	451.861	445.995	681.321	69.971	610.058	7.337	599.990	0	0	0	0.000	1	0	0	0	0	0	0	0	0	0	0	0	1	0	0	0	7	755	271.760	406.900	406.900	411.360	271.760	15	878.460	499.700	976.670	538.170	839.710	406.900	411.360	430.380	425.740	679.880	286.050	271.760	-1.000	726.260	-1.000	913.170	780.090
2026-05-18T22:36:32Z	16.984	dumbdrive_drive	loop_tick	36	-3930.029	-3389.942	429.980	1090.039	6251.393	Recovering: reverse | Goals: 0	39.996	-120.600	-5662.700	-10081.000	1440.400	210.600	-10.900	10.900	10.900	10.900	3.200	-0.300	0.000	0.000	3.200	-85.000	0.350	0	0	52	-18.523	1035.058	451.861	446.153	681.321	69.971	610.058	7.589	599.990	0	0	0	0.000	1	0	0	0	0	0	0	0	0	0	0	0	1	0	0	0	7	755	271.760	406.900	406.900	411.360	271.760	15	878.460	499.700	976.670	538.170	839.710	406.900	411.360	430.380	425.740	679.880	286.050	271.760	-1.000	726.260	-1.000	913.170	780.090
2026-05-18T22:36:34Z	19.231	dumbdrive_drive	loop_tick	37	-3930.029	-3389.942	960.010	1929.980	7225.929	Recovering: reverse | Goals: 0	-20.001	-83.900	-5657.400	-10072.601	1439.800	173.900	-0.300	0.300	8.250	10.900	6.400	2.800	3.200	3.100	6.400	-85.000	0.350	0	0	57	602.641	1592.729	491.376	447.343	1676.325	69.971	610.058	7.846	1591.968	0	0	0	0.000	1	0	0	0	0	0	0	0	0	0	0	0	1	0	0	0	7	856	86.180	508.940	299.260	503.310	86.180	10	-1.000	612.970	-1.000	777.530	-1.000	508.940	538.640	299.260	503.310	455.540	86.180	110.550	560.330	-1.000	-1.000	-1.000	-1.000
2026-05-18T22:36:34Z	19.528	dumbdrive_drive	loop_tick	38	-3930.029	-3389.942	960.010	1929.980	7225.929	Recovering: brake | Goals: 0	-20.001	-83.900	-5657.400	-10072.601	1439.800	173.900	-0.300	0.300	5.600	8.250	6.400	2.800	0.000	0.000	6.400	0.000	0.000	0	0	57	602.641	1592.729	491.376	448.472	1676.325	960.010	1929.980	-0.043	1591.968	0	0	0	0.000	1	0	0	0	0	0	0	0	0	0	0	0	0	1	0	0	7	856	86.180	508.940	299.260	503.310	86.180	10	-1.000	612.970	-1.000	777.530	-1.000	508.940	538.640	299.260	503.310	455.540	86.180	110.550	560.330	-1.000	-1.000	-1.000	-1.000
2026-05-18T22:36:34Z	19.777	dumbdrive_drive	loop_tick	39	-3930.029	-3389.942	960.010	1929.980	7225.929	Heading correction: forward | Running | Goals: 0	-20.001	-83.900	-5657.400	-10072.601	1439.800	173.900	-0.300	0.300	2.950		6.400	2.800			6.400	40.000	-1.000	0	0	57	602.641	1592.729	491.376	449.545	1676.325	960.010	1929.980	0.000	0.000	1	0	1	0.000	1	0	0	0	0	0	0	0	0	0	1	0	0	0	0	0	7	856	86.180	508.940	299.260	503.310	86.180	10	-1.000	612.970	-1.000	777.530	-1.000	508.940	538.640	299.260	503.310	455.540	86.180	110.550	560.330	-1.000	-1.000	-1.000	-1.000
2026-05-18T22:36:35Z	20.032	dumbdrive_drive	loop_tick	40	-3930.029	-3389.942	960.010	1929.980	7225.929	Heading correction: forward | Running | Goals: 0	-20.001	-83.900	-5657.400	-10072.601	1439.800	173.900	-0.300	0.300	0.300	2.950	6.400	2.800	0.000	0.000	6.400	40.000	-1.000	0	0	57	602.641	1592.729	491.376	450.565	1676.325	960.010	1929.980	0.249	0.000	1	0	1	0.249	1	0	1	1	0	0	0	0	0	1	1	1	0	0	0	0	7	856	86.180	508.940	299.260	503.310	86.180	10	-1.000	612.970	-1.000	777.530	-1.000	508.940	538.640	299.260	503.310	455.540	86.180	110.550	560.330	-1.000	-1.000	-1.000	-1.000
2026-05-18T22:36:35Z	20.285	dumbdrive_drive	loop_tick	41	-3930.029	-3389.942	960.010	1929.980	7225.929	Heading correction: forward | Running | Goals: 0	-20.001	-83.900	-5657.400	-10072.601	1439.800	173.900	-0.300	0.300	0.300	0.300	6.400	2.800	0.000	0.000	6.400	40.000	-1.000	0	0	57	602.641	1592.729	491.376	451.537	1676.325	960.010	1929.980	0.000	0.000	1	0	1	0.504	1	0	0	0	0	0	0	0	0	0	1	1	0	0	0	0	7	856	86.180	508.940	299.260	503.310	86.180	10	-1.000	612.970	-1.000	777.530	-1.000	508.940	538.640	299.260	503.310	455.540	86.180	110.550	560.330	-1.000	-1.000	-1.000	-1.000
2026-05-18T22:36:35Z	20.544	dumbdrive_drive	loop_tick	42	-3930.029	-3389.942	960.010	1929.980	7225.929	Heading correction: forward | Running | Goals: 0	-20.001	-83.900	-5657.400	-10072.601	1439.800	173.900	-0.300	0.300	0.300	0.300	6.400	2.800	0.000	0.000	6.400	40.000	-1.000	0	0	57	602.641	1592.729	491.376	452.463	1676.325	960.010	1929.980	0.000	0.000	1	0	1	0.763	1	0	0	0	0	0	0	0	0	0	1	1	0	0	0	0	7	856	86.180	508.940	299.260	503.310	86.180	10	-1.000	612.970	-1.000	777.530	-1.000	508.940	538.640	299.260	503.310	455.540	86.180	110.550	560.330	-1.000	-1.000	-1.000	-1.000
2026-05-18T22:36:35Z	20.797	dumbdrive_drive	loop_tick	43	-3930.029	-3389.942	960.010	1929.980	7225.929	Heading correction: forward | Running | Goals: 0	-20.001	-83.900	-5657.400	-10072.601	1439.800	173.900	-0.300	0.300	0.300	0.300	6.400	2.800	0.000	0.000	6.400	40.000	-1.000	0	0	57	602.641	1592.729	491.376	453.348	1676.325	960.010	1929.980	0.000	0.000	1	0	1	1.016	1	0	0	0	0	0	0	0	0	0	1	1	0	0	0	0	7	856	86.180	508.940	299.260	503.310	86.180	10	-1.000	612.970	-1.000	777.530	-1.000	508.940	538.640	299.260	503.310	455.540	86.180	110.550	560.330	-1.000	-1.000	-1.000	-1.000
2026-05-18T22:36:36Z	21.044	dumbdrive_drive	loop_tick	44	-3930.029	-3389.942	960.010	1929.980	7225.929	Heading correction: forward | Running | Goals: 0	-20.001	-83.900	-5657.400	-10072.601	1439.800	173.900	-0.300	0.300	0.300	0.300	6.400	2.800	0.000	0.000	6.400	40.000	-1.000	0	0	57	602.641	1592.729	491.376	454.193	1676.325	960.010	1929.980	0.000	0.000	1	0	1	1.268	1	0	0	0	0	0	0	0	0	0	1	1	0	0	0	0	7	856	86.180	508.940	299.260	503.310	86.180	10	-1.000	612.970	-1.000	777.530	-1.000	508.940	538.640	299.260	503.310	455.540	86.180	110.550	560.330	-1.000	-1.000	-1.000	-1.000
2026-05-18T22:36:36Z	21.296	dumbdrive_drive	loop_tick	45	-3930.029	-3389.942	960.010	1929.980	7225.929	Heading correction: forward | Running | Goals: 0	-20.001	-83.900	-5657.400	-10072.601	1439.800	173.900	-0.300	0.300	0.300	0.300	6.400	2.800	0.000	0.000	6.400	40.000	-1.000	0	0	57	602.641	1592.729	491.376	455.001	1676.325	960.010	1929.980	0.000	0.000	1	0	1	1.516	1	0	0	0	0	0	0	0	0	0	1	1	0	0	0	0	7	856	86.180	508.940	299.260	503.310	86.180	10	-1.000	612.970	-1.000	777.530	-1.000	508.940	538.640	299.260	503.310	455.540	86.180	110.550	560.330	-1.000	-1.000	-1.000	-1.000
2026-05-18T22:36:36Z	21.554	dumbdrive_drive	loop_tick	46	-3930.029	-3389.942	960.010	1929.980	7225.929	Heading correction: forward | Running | Goals: 0	-20.001	-83.900	-5657.400	-10072.601	1439.800	173.900	-0.300	0.300	0.300	0.300	6.400	2.800	0.000	0.000	6.400	40.000	-1.000	0	0	57	602.641	1592.729	491.376	455.775	1676.325	960.010	1929.980	0.000	0.000	1	0	1	1.774	1	0	0	0	0	0	0	0	0	0	1	1	0	0	0	0	7	856	86.180	508.940	299.260	503.310	86.180	10	-1.000	612.970	-1.000	777.530	-1.000	508.940	538.640	299.260	503.310	455.540	86.180	110.550	560.330	-1.000	-1.000	-1.000	-1.000
2026-05-18T22:36:36Z	21.801	dumbdrive_drive	loop_tick	47	-3930.029	-3389.942	960.010	1929.980	7225.929	Heading correction: forward | Running | Goals: 0	-20.001	-83.900	-5657.400	-10072.601	1439.800	173.900	-0.300	0.300	0.300	0.300	6.400	2.800	0.000	0.000	6.400	40.000	-1.000	0	0	57	602.641	1592.729	491.376	456.517	1676.325	960.010	1929.980	0.000	0.000	1	0	1	2.025	1	0	0	0	0	0	0	0	0	0	1	1	0	0	0	0	7	856	86.180	508.940	299.260	503.310	86.180	10	-1.000	612.970	-1.000	777.530	-1.000	508.940	538.640	299.260	503.310	455.540	86.180	110.550	560.330	-1.000	-1.000	-1.000	-1.000
2026-05-18T22:36:37Z	22.057	dumbdrive_drive	loop_tick	48	-3930.029	-3389.942	960.010	1929.980	7225.929	Heading correction: forward | Running | Goals: 0	-20.001	-83.900	-5657.400	-10072.601	1439.800	173.900	-0.300	0.300	0.300	0.300	6.400	2.800	0.000	0.000	6.400	40.000	-1.000	0	0	57	602.641	1592.729	491.376	457.228	1676.325	960.010	1929.980	0.000	0.000	1	0	1	2.273	1	0	0	0	0	0	0	0	0	0	1	1	0	0	0	0	7	856	86.180	508.940	299.260	503.310	86.180	10	-1.000	612.970	-1.000	777.530	-1.000	508.940	538.640	299.260	503.310	455.540	86.180	110.550	560.330	-1.000	-1.000	-1.000	-1.000
2026-05-18T22:36:39Z	24.229	dumbdrive_drive	loop_tick	49	-3930.029	-3389.942	860.010	1690.039	6982.168	Heading correction: forward | Running | Goals: 0	9.992	-113.000	-5658.400	-10075.000	1440.100	203.000	7.700	7.700	2.150	0.300	3.500	0.100	-2.900	-2.700	3.500	40.000	-1.000	0	0	57	502.620	1342.707	498.364	458.051	1937.995	860.010	1690.039	0.000	259.946	1	0	1	2.528	1	0	0	0	0	0	0	0	0	0	1	1	0	0	0	0	7	831	258.750	438.270	438.270	406.410	258.750	10	-1.000	544.630	-1.000	573.170	-1.000	438.270	441.870	444.100	406.410	729.440	272.240	258.750	617.390	-1.000	-1.000	-1.000	-1.000
2026-05-18T22:36:39Z	24.497	dumbdrive_drive	loop_tick	50	-3930.029	-3389.942	860.010	1690.039	6982.168	Heading correction: forward | Running | Goals: 0	9.992	-113.000	-5658.400	-10075.000	1440.100	203.000	7.700	7.700	4.000	2.150	3.500	0.100	0.000	0.000	3.500	40.000	-1.000	0	0	57	502.620	1342.707	498.364	458.841	1937.995	860.010	1690.039	0.000	0.000	1	0	1	4.702	1	0	0	0	0	0	0	0	0	0	1	1	0	0	0	0	7	831	258.750	438.270	438.270	406.410	258.750	10	-1.000	544.630	-1.000	573.170	-1.000	438.270	441.870	444.100	406.410	729.440	272.240	258.750	617.390	-1.000	-1.000	-1.000	-1.000
